kwic_id,doc_id,doc_token_id,doc_file_name,hit_size,S1,S2,S3,L10,L9,L8,L7,L6,L5,L4,L3,L2,L1,R0,R1,R2,R3,R4,R5,R6,R7,R8,R9,
336,14,234,_10_1371_journal_pone_0062712.txt,1,10,1,1,and ,trimethoprim. ,Highest ,levels ,of ,both ,antibiotics ,and ,ARGs ,were ,seen ,at ,a ,drug ,formulation ,"facility, ",within ,an ,industrial ,estate ,
312,96,89,_10_1371_journal_pone_0092459.txt,1,10,1,1,copper (,Cu) > ,chromium (,"Cr), ",in ,"particular, ",As ,and ,Cd ,were ,regarded ,as ,high ,polluted ,metals. ,While ,the ,results ,of ,extraction ,
107,5,46,_10_1371_journal_pone_0057546.txt,1,10,1,1,who ,have ,increased ,number ,of ,joint ,publications ,and ,are ,being ,cited ,highly. ,Methodology/,Principal ,Findings: ,Measures ,of ,social ,network ,"analysis, ",
129,87,22,_10_1371_journal_pone_0089664.txt,1,10,1,1,cold-,climate ,mountain ,"ecosystems, ",where ,road ,building ,and ,development ,are ,expected ,to ,increase ,in ,future ,decades. ,Knowledge ,of ,the ,sensitivity ,
161,99,27,_10_1371_journal_pone_0094414.txt,1,10,1,1,nodes ,are ,"airports, ","sectors, ",or ,navigation ,points ,and ,links ,are ,defined ,and ,weighted ,according ,to ,the ,traffic ,of ,flights ,between ,
333,24,38,_10_1371_journal_pone_0064852.txt,1,10,1,1,edges ,of ,its ,distribution ,range ,in ,Europe ,and ,little ,is ,known ,about ,its ,current ,distribution ,and ,abundance ,in ,Poland. ,Although ,
120,34,105,_10_1371_journal_pone_0068636.txt,1,10,1,1,"Scale, ",intensive ,care ,unit ,"admissions, ",hospital ,stay ,and ,mortality ,were ,analyzed. ,Results: 245 ,patients ,were ,"studied, 69% ",were ,vehicle ,"occupants, 15% ","pedestrians, 9% ",motorcyclists ,
280,64,136,_10_1371_journal_pone_0080275.txt,1,10,1,1,weeds/,invaders ,in ,South ,Africa. ,One ,hundred ,and ,one ,are ,classified ,as ,internationally ,important ,environmental ,weeds. ,Although ,most (487) ,were ,only ,
97,78,186,_10_1371_journal_pone_0087470.txt,1,10,1,1,movements ,and ,an ,additional ,evaluation ,of ,head ,and ,shoulder ,was ,performed. ,Six ,out ,of ,ten ,HP ,and ,four ,out ,of ,
154,11,37,_10_1371_journal_pone_0060590.txt,1,10,1,1,at ,which ,distinct ,behaviors ,related ,to ,reproduction ,and ,survival ,are ,impacted ,by ,human ,interference. ,Here ,we ,provide ,a ,novel ,approach ,
334,87,10,_10_1371_journal_pone_0089664.txt,1,10,2,2,"
",Effects ,of ,roads ,on ,plant ,communities ,are ,not ,well ,known ,in ,cold-,climate ,mountain ,"ecosystems, ",where ,road ,building ,and ,
346,95,98,_10_1371_journal_pone_0092430.txt,1,10,2,2,actions. ,"Nonetheless, ",the ,implications ,of ,these ,impediments ,are ,not ,well ,"understood, ",especially ,for ,recovery ,planning ,involving ,multiple ,actions. ,We ,used ,
106,89,232,_10_1371_journal_pone_0090835.txt,1,10,1,1,zebra ,crosswalk ,accidents. ,Accidents ,involving ,large ,vehicles ,are ,associated ,with ,increased ,risk ,of ,severe ,injury. ,Further ,prospective ,studies ,are ,"needed, ",
180,16,64,_10_1371_journal_pone_0063385.txt,1,10,1,1,information ,and ,what ,kind ,of ,image ,features ,are ,common ,ones ,shared ,in ,multiple ,classes. ,"Mathematically, ",the ,whole ,formulation ,is ,subject ,
260,99,29,_10_1371_journal_pone_0094414.txt,1,10,1,1,"airports, ","sectors, ",or ,navigation ,points ,and ,links ,are ,defined ,and ,weighted ,according ,to ,the ,traffic ,of ,flights ,between ,the ,nodes. ,
303,82,23,_10_1371_journal_pone_0087986.txt,1,10,1,1,networks ,modelling, ,in ,"particular, ",self-,healing ,capabilities ,are ,implemented ,through ,distributed ,communication ,protocols ,that ,exploit ,redundant ,links ,to ,recover ,the 
282,60,166,_10_1371_journal_pone_0078586.txt,1,10,1,1,possible ,toxic ,effect. ,"Moreover, ",adequate ,physical ,properties ,are ,maintained. ,The ,nanosized ,quaternary ,amine ,particles ,interact ,within ,minutes ,with ,"bacteria, ",triggering ,
114,89,243,_10_1371_journal_pone_0090835.txt,1,10,1,1,risk ,of ,severe ,injury. ,Further ,prospective ,studies ,are ,"needed, ",with ,detailed ,assessment ,of ,motor ,vehicle ,types ,and ,"speed. 
","
",Close ,
291,69,245,_10_1371_journal_pone_0082738.txt,1,10,1,1,food ,trade-,off ,strategy. ,Although ,grizzly ,bears ,are ,presently ,not ,hunted ,in ,"Alberta, ",their ,perceived ,risks ,associated ,with ,humans ,influence ,
142,40,14,_10_1371_journal_pone_0071179.txt,1,10,1,1,have ,ever ,focused ,on ,the ,elephants ,that ,are ,wounded ,or ,killed ,as ,local ,communities ,attempt ,to ,scare ,these ,animals ,away ,
269,74,187,_10_1371_journal_pone_0086294.txt,1,10,1,1,evaluated ,using ,a ,push-,out ,test. ,Data ,were ,analyzed ,using ,repeated ,measurement ,ANOVA ,and ,following ,post-,hoc ,test. ,Results: ,CLSM ,
254,40,122,_10_1371_journal_pone_0071179.txt,1,10,1,1,apparently ,unaffected ,animals. ,The ,observed ,active ,injuries ,were ,as ,expected ,biased ,by ,"age, ",with ,adults ,suffering ,more ,harm, ,on ,the 
105,89,185,_10_1371_journal_pone_0090835.txt,1,10,1,1,"OR 0.61, 95% ","CI 0.38–0.98, ",p<0.042). ,Accidents ,involving ,a ,truck ,were ,associated ,with ,increased ,risk ,of ,severe ,injury (,"OR 3.53, 95%","CI 1.21–10.26, ",p<0.02). ,Conclusion: ,Accidents ,
125,93,106,_10_1371_journal_pone_0091942.txt,1,10,1,1,"traps, ",and ,fresh ,faecal ,samples ,from 424 ,individuals ,were ,collected ,and ,analyzed ,in ,the ,laboratory. ,The ,quantification ,of ,FCM ,was ,performed ,
90,90,105,_10_1371_journal_pone_0091058.txt,1,10,1,1,perform 3,D ,reconstruction. ,THA-,associated ,anatomical ,parameters ,were ,measured ,and ,compared ,with ,other ,published ,data. ,In ,comparison ,with ,published ,"data, ",
146,10,48,_10_1371_journal_pone_0060158.txt,1,10,1,1,elected ,local ,politicians. ,Interventions: ,Intervention ,group ,politicians ,were ,provided ,with ,tailored ,information ,"packs, ",including ,maps ,of ,casualty ,"sites, ",numbers ,injured ,
39,42,203,_10_1371_journal_pone_0071790.txt,1,10,1,1,commute ,modal ,share ,and ,total ,modal ,share ,were ,reasonably ,highly ,correlated ,for ,private ,motorised ,transport (,"r = 0.94), ",public ,transport (,"r = 0.96), ",walking (,
329,73,114,_10_1371_journal_pone_0085725.txt,1,10,1,1,"logging, ",municipalities ,where 0–7% ,of ,the ,remaining ,forests ,were ,selectively ,logged ,had ,the ,highest ,malaria ,"risk (1.72, 95% ","CI 1.18–2.51), ",and ,areas ,with ,higher ,
213,23,134,_10_1371_journal_pone_0064782.txt,1,10,1,1,of ,blink ,duration) ,and ,several ,driving ,measure ,were ,taken ,and ,synchronized ,with ,the ,reporting. ,Based ,on ,mixed ,model ,Anova ,and ,
275,86,103,_10_1371_journal_pone_0089381.txt,1,10,1,1,MOT ,and ,UFOV ,"tasks, ",respectively. ,Dependent ,variables ,were ,the ,log ,speed ,threshold ,for 60% ,correct ,identification ,of ,targets (,MOT) ,and ,the ,
100,93,115,_10_1371_journal_pone_0091942.txt,1,7,1,1,and ,analyzed ,in ,the ,laboratory. ,The ,quantification ,of ,FCM ,was ,performed ,by ,a 5,α-,pregnane-3,"β,11","β, 21-",triol-20-,one ,enzyme ,
13,23,32,_10_1371_journal_pone_0064782.txt,1,7,1,1,driver ,sleepiness ,in ,field ,studies. ,Two ,measures ,of ,ORS ,were ,used: (1) ,one ,for ,behavioural ,signs ,based ,on ,facial ,"expression, ",body ,
201,96,102,_10_1371_journal_pone_0092459.txt,1,7,1,1,polluted ,metals. ,While ,the ,results ,of ,extraction ,of ,TCLP ,were ,assessed ,using ,"P, ",the ,sequence ,was ,As > ,Pb > ,Cd > ,Cr > ,
59,83,63,_10_1371_journal_pone_0088445.txt,1,7,1,1,highest ,failure ,rate ,or ,highest ,"betweenness, ",reliability ,of ,WDS ,is ,evaluated ,by ,introducing ,hydraulic ,analysis ,and ,cascading ,failures (,conductive ,failure ,
169,72,237,_10_1371_journal_pone_0085557.txt,1,7,1,1,many ,others ,bifurcated ,or ,fused. ,A ,majority ,of ,bifurcations ,were ,observed ,at ,branching ,points. ,"However, ",some ,canals ,appeared ,and/,or ,
189,76,124,_10_1371_journal_pone_0086888.txt,1,7,1,1,canals). ,The ,authors ,concluded ,that ,the ,loss ,of ,ponds ,was ,caused ,by ,pond ,intrinsic ,"factors, ",such ,as ,pond ,perimeter, ,a 
158,13,80,_10_1371_journal_pone_0061876.txt,1,7,1,1,cars ,on ,the ,roadway. ,An ,additional ,set ,of ,rules ,is ,defined ,to ,describe ,the ,dynamics ,at ,the ,intersection ,assuming ,a ,
15,28,123,_10_1371_journal_pone_0065198.txt,1,6,4,3,RTIs ,in ,the ,whole ,country. ,The ,Poisson ,regression ,model ,was ,used ,to ,estimate ,the ,changes ,in ,the ,frequency ,of ,events ,
23,65,90,_10_1371_journal_pone_0080598.txt,1,6,4,3,for ,the ,four ,disease ,symptoms. ,A ,Poisson ,regression ,model ,was ,used ,to ,control ,for ,potential ,confounding. ,Frequency ,of ,hospital ,attendance ,
27,76,76,_10_1371_journal_pone_0086888.txt,1,6,4,3,forces ,behind ,pondscape ,changes. ,The ,logistic ,stepwise ,regression ,model ,was ,used ,to ,develop ,a ,series ,of ,relationships ,between ,pondscapes ,affected ,
26,76,55,_10_1371_journal_pone_0086888.txt,1,6,4,1,geographic ,information ,system (,GIS) ,and ,logistic ,stepwise ,regression ,model ,were ,used ,to ,detect ,pond-,loss ,rates ,and ,to ,understand ,the ,
10,0,138,_10_1371_journal_pone_0053755.txt,1,6,1,1,clusters. ,Bivariate ,and ,multiple ,logistic ,or ,Poisson ,regression ,analyses ,were ,used ,to ,determine ,significant ,relationships. ,"Overall, ",bed ,net (30%) ,and ,ITN (9%) ,
93,4,87,_10_1371_journal_pone_0057255.txt,1,6,1,1,various ,types ,of ,traffic ,crashes. ,Multiple ,logistic ,regression ,analysis ,was ,performed ,to ,elucidate ,the ,relationship ,between ,leukoaraiosis ,and ,various ,types ,
4,52,280,_10_1371_journal_pone_0076108.txt,1,5,1,1,community ,at ,the ,time ,of ,sampling. ,There ,is ,a ,growing ,need ,for ,expanded ,and ,more ,curated ,protein ,databases ,that ,permit ,
263,49,257,_10_1371_journal_pone_0075024.txt,1,5,1,1,law ,enforcement ,throughout ,the ,country. ,Río ,Muni ,is ,currently ,under-,represented ,in ,conservation ,efforts ,in ,Western ,Equatorial ,"Africa, ",and ,we ,
43,35,35,_10_1371_journal_pone_0069254.txt,1,5,1,1,systems. ,Yet ,how ,new ,public ,transport ,infrastructure ,is ,experienced ,and ,integrated (,or ,not) ,into ,daily ,practice ,is ,little ,understood. ,We ,
250,39,31,_10_1371_journal_pone_0069829.txt,1,5,1,1,costs. ,Although ,the ,origin ,of ,such ,events ,is ,often ,geographically ,"confined, ",their ,impact ,reverberates ,through ,entire ,networks ,in ,ways ,that ,
172,23,287,_10_1371_journal_pone_0064782.txt,1,5,1,1,sleepiness ,on ,a ,detailed ,level ,as 5 ,minutes ,is ,usually ,not ,detected, ,this ,holds ,true ,both ,when ,taking ,into ,account ,driving 
37,5,272,_10_1371_journal_pone_0057546.txt,1,5,1,1,values ,of ,authors ,in ,a ,co-,authorship ,network ,are ,positively ,correlated ,with ,the ,strength ,of ,their ,scientific ,collaborations. ,Conclusions/,Significance: ,
215,63,170,_10_1371_journal_pone_0080178.txt,1,5,1,1,transfer ,of ,passenger ,flow ,to ,the ,road ,network ,is ,here ,predicted ,in ,the ,cases ,of ,failures ,of ,two ,representative ,URT ,
68,5,33,_10_1371_journal_pone_0057546.txt,1,5,1,1,publications. ,"However, ",little ,is ,known ,about ,what ,network ,properties ,are ,associated ,with ,authors ,who ,have ,increased ,number ,of ,joint ,publications ,
197,58,76,_10_1371_journal_pone_0077718.txt,1,5,1,1,estimated ,commute ,travel ,time. ,The ,measures ,of ,network ,structure ,are ,estimated ,using ,the ,street ,network ,along ,the ,identified ,commute ,route. ,
252,61,88,_10_1371_journal_pone_0079396.txt,1,5,1,1,through ,the ,distribution ,of ,trip ,"durations, ",while ,network ,topology ,is ,characterized ,through ,the ,pairwise ,distances ,between ,stations ,and ,the ,popularity ,
206,87,65,_10_1371_journal_pone_0089664.txt,1,5,2,1,richness ,and ,"composition, ",including ,the ,plant ,strategies ,that ,are ,most ,"affected, ",along ,three ,elevational ,gradients ,in ,a ,subarctic ,mountain ,ecosystem. ,
345,39,43,_10_1371_journal_pone_0069829.txt,1,5,2,1,impact ,reverberates ,through ,entire ,networks ,in ,ways ,that ,are ,poorly ,"understood, ",difficult ,to ,"assess, ",and ,even ,more ,difficult ,to ,predict. ,
227,27,48,_10_1371_journal_pone_0065137.txt,1,5,1,1,show ,of ,respect ,necessitates ,some ,contrasting ,disrespect ,that ,is ,being ,restored. ,Using ,civic ,virtues (,such ,as ,helping ,behavior) ,as ,a ,
247,35,167,_10_1371_journal_pone_0069254.txt,1,5,1,1,be ,an ,improvement, ,"consequently, ",they ,were ,frustrated ,that ,it ,was ,differentiated ,from ,and ,not ,coherent ,with ,the ,regular ,system. ,In 
273,53,199,_10_1371_journal_pone_0077026.txt,1,5,1,1,significant ,FST ,values ,between ,those ,from ,sites ,that ,were ,not ,separated ,by ,highways. ,"Secondly, ",birds ,from ,eleven ,urban ,sites ,had ,
259,44,32,_10_1371_journal_pone_0072984.txt,1,5,1,1,sites. ,The ,Breckland ,area ,of ,eastern ,England (,the ,Brecks) ,is ,designated ,as ,a ,Special ,Protection ,Area ,for ,a ,number ,of ,
243,32,140,_10_1371_journal_pone_0068258.txt,1,5,1,1,the ,concession ,of ,grant ,proposals. ,Results: 63.4% ,of ,the ,applications ,were ,funded. ,Bibliometric ,indicators ,for ,accepted ,proposals ,showed ,a ,better ,previous ,
157,13,32,_10_1371_journal_pone_0061876.txt,1,5,1,1,has ,precedence. ,The ,vehicle ,dynamics ,far ,from ,the ,crossing ,are ,governed ,by ,the ,rules ,introduced ,by ,Nagel ,and ,"Paczuski, ",which ,
306,85,176,_10_1371_journal_pone_0088914.txt,1,5,1,1,The ,results ,indicate ,the ,landscape ,in ,which ,the ,facilities ,are ,placed ,affects ,the ,levels ,of ,land ,transformation ,associated ,with ,wind ,
327,87,197,_10_1371_journal_pone_0089664.txt,1,5,1,1,"precisely, ",relatively ,more ,alien ,species ,present ,in ,the ,roadside ,were ,found ,to ,invade ,into ,the ,surrounding ,natural ,community ,at ,high ,
223,86,133,_10_1371_journal_pone_0089381.txt,1,5,1,1,central ,target ,when ,a ,concurrent ,peripheral ,task ,was ,added (,UFOV ,divided ,and ,selective ,attention ,subtests). ,Participants ,drove ,in ,a ,simulator ,
22,63,77,_10_1371_journal_pone_0080178.txt,1,5,1,1,carefully ,evaluated. ,A ,bipartite ,URT ,usage ,network ,was ,developed ,and ,used ,to ,determine ,the ,inherent ,connections ,between ,urban ,rail ,transits ,
66,4,190,_10_1371_journal_pone_0057255.txt,1,5,1,1,with ,large ,multiple ,subcortical ,leukoaraiosis. ,Periventricular ,leukoaraiosis ,was ,not ,significantly ,associated ,with ,crossroad ,crashes. ,Involvement ,in ,crashes ,of ,any ,"type, ",
35,0,197,_10_1371_journal_pone_0053755.txt,1,5,1,1,or ,Lubumbashi (,"r = −0.28, −0.30 ","respectively, ",p<0.0001). ,"Further, ",ownership ,was ,significantly ,negatively ,correlated ,with ,distance ,to ,primary ,national ,roads ,and ,railways (,all ,
185,35,55,_10_1371_journal_pone_0069254.txt,1,5,1,1,investigated ,how ,the ,Cambridgeshire ,Guided ,"Busway, ","UK, ",was ,used ,and ,experienced ,in ,the ,weeks ,following ,its ,"opening, ",using ,the ,method ,
268,51,111,_10_1371_journal_pone_0075424.txt,1,4,1,1,multivariable ,model ,using ,purposeful ,selection ,of ,variables. ,The ,analysis ,was ,repeated ,using ,multiple ,logistic ,regression ,with ,passing ,distance ,dichotomised ,by ,
309,90,91,_10_1371_journal_pone_0091058.txt,1,4,1,1,"China, ",comprising 40 ,males (80 ,hips) ,and 40 ,females (80 ,hips). ,The ,images ,were ,imported ,into ,Mimics 10.01 ,to ,perform 3,D ,reconstruction. ,THA-,associated ,anatomical ,
89,48,138,_10_1371_journal_pone_0074918.txt,1,4,1,1,sampling ,grid ,covering ,the ,landscape ,under ,study. ,The ,outputs ,were ,compared ,to ,field ,data. ,We ,investigated ,two ,landscapes ,using ,grids ,
274,54,46,_10_1371_journal_pone_0077294.txt,1,4,1,1,four 5-,min ,driving ,sessions ,in ,a ,simulator. ,The ,participants ,were ,instructed ,to ,maintain ,the ,car ,in ,the ,right ,lane ,of ,
147,40,203,_10_1371_journal_pone_0071179.txt,1,4,2,1,human ,settlements ,or ,water ,sources. ,Overall ,more ,elephants ,were ,actively ,injured ,during ,the ,dry ,season ,than ,the ,wet ,season ,as ,
49,40,172,_10_1371_journal_pone_0071179.txt,1,4,2,1,Cases ,of ,passive ,and ,active ,injuries ,in ,elephants ,were ,negatively ,related ,to ,the ,proximity ,to ,roads ,and ,farms, ,the ,distribution 
253,40,12,_10_1371_journal_pone_0071179.txt,1,4,1,1,few ,studies ,have ,ever ,focused ,on ,the ,elephants ,that ,are ,wounded ,or ,killed ,as ,local ,communities ,attempt ,to ,scare ,these ,
202,40,187,_10_1371_journal_pone_0071179.txt,1,4,1,1,roads ,and ,farms, ,the ,distribution ,of ,injured ,elephants ,was ,not ,affected ,by ,the ,presence ,of ,either ,human ,settlements ,or ,water 
138,8,132,_10_1371_journal_pone_0058650.txt,1,4,2,2,in ,the ,MOH 2011 ,Strategic ,Plan. ,Results: ,Differences ,in ,performance ,were ,noted ,by ,district ,and ,residence. ,Finance ,and ,service ,delivery ,domains ,
139,8,265,_10_1371_journal_pone_0058650.txt,1,4,2,2,facilities ,in ,three ,districts ,of ,Zambia. ,Differences ,in ,performance ,were ,noted ,by ,district ,and ,residence ,in ,most ,domains ,with ,finance ,
214,23,201,_10_1371_journal_pone_0064782.txt,1,4,1,1,an ,individual ,level. ,Only 16% ,of ,the ,changes ,in ,KSS ,were ,predicted ,by ,the ,observer. ,The ,correlation ,between ,the ,observer ,ratings ,
112,62,35,_10_1371_journal_pone_0079967.txt,1,4,1,1,studies ,examined ,the ,idea ,that ,spatial ,variation ,in ,roadkills ,is ,influenced ,by ,a ,complex ,interplay ,between ,road-,related ,"factors, ",and ,
77,50,145,_10_1371_journal_pone_0075308.txt,1,4,1,1,approximately 80% ,of ,the ,total ,decontamination ,"cost, ",of ,which ,approximately 60% ,is ,associated ,with ,storage. ,In ,"addition, ",the ,costs ,of ,decontamination ,per ,
54,98,25,_10_1371_journal_pone_0094351.txt,1,4,1,1,diverse ,fascinating ,non-,equilibrium ,"phenomena, ",most ,of ,which ,are ,closely ,related ,to ,traffic ,flow ,stability ,and ,specifically ,the ,growth/,dissipation ,
224,25,115,_10_1371_journal_pone_0064968.txt,1,4,1,1,and ,fields ,to ,reproduce ,the ,processes ,in ,which ,forests ,are ,converted ,into ,arable ,lands. ,For ,a ,selected ,level ,of ,habitat ,
248,36,109,_10_1371_journal_pone_0069258.txt,1,4,1,1,not ,discount ,it ,by ,the ,ease ,with ,which ,it ,was ,achieved. ,These ,results ,clarify ,our ,understanding ,of ,the ,correspondence ,bias ,
249,37,141,_10_1371_journal_pone_0069469.txt,1,3,1,1,predicted ,with ,a ,striking ,level ,of ,accuracy. ,This ,observation ,is ,confirmed ,by ,the ,analytical ,calculation ,of ,key ,topological ,properties ,of ,
12,18,102,_10_1371_journal_pone_0064128.txt,1,3,1,1,of ,mice ,under ,controlled ,dose ,and ,duration. ,This ,paradigm ,was ,used ,for ,a ,pilot ,study ,of ,prenatal ,nPM ,impact ,on ,
32,13,104,_10_1371_journal_pone_0061876.txt,1,3,1,1,do ,not ,obey ,the ,rule ,of ,precedence. ,This ,problem ,is ,treated ,within ,a ,game-,theory ,"framework, ",where ,the ,drivers ,that ,
293,72,189,_10_1371_journal_pone_0085557.txt,1,3,1,1,Thus ,obtained ,three-,dimensional ,representation ,of ,the ,canal ,network ,was ,generated ,for ,the ,first ,time ,without ,the ,need ,of ,histological ,
168,72,207,_10_1371_journal_pone_0085557.txt,1,3,1,1,of ,histological ,or ,other ,destructive ,methods. ,Several ,canal ,patterns ,were ,observed. ,Although ,most ,of ,them ,were ,"simple, ",i.,e. ,only ,
205,74,280,_10_1371_journal_pone_0086294.txt,1,3,1,1,concluded ,that ,bond ,strengths ,inside ,the ,root ,canal ,were ,not ,affected ,by ,the ,adhesive ,approach ,of ,the ,post-,and-,core-,
103,93,163,_10_1371_journal_pone_0091942.txt,1,3,3,2,weight ,of ,individuals. ,Wood ,mice ,captured ,where ,cattle ,were ,present ,showed ,higher ,FCM ,levels ,than ,individuals ,living ,where ,cattle ,were ,
337,93,163,_10_1371_journal_pone_0091942.txt,1,3,3,2,weight ,of ,individuals. ,Wood ,mice ,captured ,where ,cattle ,were ,present ,showed ,higher ,FCM ,levels ,than ,individuals ,living ,where ,cattle ,were ,
176,93,174,_10_1371_journal_pone_0091942.txt,1,3,3,1,higher ,FCM ,levels ,than ,individuals ,living ,where ,cattle ,were ,not ,detected. ,FCM ,levels ,were ,higher ,in ,non-,breeding ,individuals ,living ,
288,64,125,_10_1371_journal_pone_0080275.txt,1,2,1,1,species ,in ,"India, 77 ",are ,invasive ,species ,in ,China ,and 23 ,are ,declared ,weeds/,invaders ,in ,South ,Africa. ,One ,hundred ,and ,one ,
126,96,21,_10_1371_journal_pone_0092459.txt,1,2,1,1,street ,dust ,from ,urban ,areas ,of ,"Tianjin, ",China ,was ,quantitatively ,analyzed ,using ,the ,method ,of ,toxicity ,characteristic ,leaching ,procedure (,TCLP) ,
298,75,103,_10_1371_journal_pone_0086742.txt,1,2,1,1,who ,did ,not ,crash ,during ,that ,period. ,Four ,controls ,were ,matched ,to ,each ,case ,by ,"sex, ",age ,and ,place ,of ,
110,77,65,_10_1371_journal_pone_0087244.txt,1,2,1,1,affecting ,road ,traffic ,fatalities. ,Methods ,and ,Findings: ,Four ,techniques ,were ,utilized ,to ,identify ,and ,analyze ,RTI ,hotspots. ,We ,used ,spatial ,
50,52,181,_10_1371_journal_pone_0076108.txt,1,2,1,1,large ,majority ,of ,microbial ,proteins ,found ,in ,endodontic ,samples ,were ,related ,to ,metabolic ,and ,housekeeping ,"processes, ",including ,protein ,"synthesis, ",energy ,
236,60,114,_10_1371_journal_pone_0078586.txt,1,2,1,1,an ,epoxy-,based ,endodontic ,sealer. ,The ,novel ,endodontic ,sealer ,was ,tested ,for ,its ,antimicrobial ,efficacy ,and ,evaluated ,for ,biocompatibility ,and ,
80,77,173,_10_1371_journal_pone_0087244.txt,1,2,2,1,identified ,five ,different ,"patterns, ",demonstrating ,that ,specific ,environmental ,characteristics ,are ,associated ,with ,different ,types ,of ,fatal ,crashes. ,Patterns 2 ,and 4 ,are ,
8,31,129,_10_1371_journal_pone_0067575.txt,1,2,2,1,of ,travel ,to ,work ,and ,personal ,and ,environmental ,characteristics ,were ,investigated ,using ,multinomial ,logistic ,regression. ,Results: ,Of ,the 1124 ,"respondents, 50% ",reported ,
328,90,176,_10_1371_journal_pone_0091058.txt,1,2,1,1,flare ,index (,CFI) ,and ,distal ,canal ,flare ,index (,DCFI) ,were ,found ,between ,"genders, ",it ,was ,concluded ,the ,most ,significant ,differences ,
257,96,56,_10_1371_journal_pone_0092459.txt,1,2,1,1,hazard ,index (,HI) ,and ,the ,cancer ,risk ,index (,RI) ,were ,calculated ,to ,assess ,the ,potential ,risk. ,The ,sequence ,of ,potential ,
155,66,208,_10_1371_journal_pone_0081153.txt,1,2,1,1,observed ,that ,different ,geographical ,areas ,of ,a ,large ,metropolis ,were ,impacted ,differently ,by ,the ,weather. ,Using ,data ,of ,urban ,infrastructure ,
84,89,230,_10_1371_journal_pone_0090835.txt,1,2,1,1,patients ,with ,zebra ,crosswalk ,accidents. ,Accidents ,involving ,large ,vehicles ,are ,associated ,with ,increased ,risk ,of ,severe ,injury. ,Further ,prospective ,studies ,
173,45,130,_10_1371_journal_pone_0073427.txt,1,2,1,1,Strait ,of ,Juan ,de ,Fuca. ,Twenty-,seven ,mortality ,events ,were ,detected ,within ,the ,vicinity ,of ,the ,Hood ,Canal ,"Bridge, ",while ,
104,28,197,_10_1371_journal_pone_0065198.txt,1,2,1,1,"per 10,000 ",vehicles ,from 2004 ,to 2011 ,respectively. ,"However, ",the ,mortality ,rate ,was ,increased ,from 51 ,to 65 ,cases ,per 1000 ,accidents ,from 2004 ,to ,March 2011 ,respectively. ,
317,32,245,_10_1371_journal_pone_0068258.txt,1,2,1,1,and ,Education ,are ,the ,only ,areas ,where ,no ,relation ,was ,"found, ",although ,this ,may ,be ,due ,to ,the ,limitations ,of ,
340,81,131,_10_1371_journal_pone_0087944.txt,1,2,1,1,at ,one ,of ,three ,"speeds: 30, 60, ",or 90 ,kph (,no ,vultures ,were ,struck). ,Flight ,initiation ,distance ,of ,vultures ,increased ,by ,a ,factor ,
183,16,140,_10_1371_journal_pone_0063385.txt,1,2,1,1,within ,the ,bag-,of-,feature ,framework. ,The ,proposed ,method ,is ,verified ,on ,a ,variety ,of ,image ,categorization ,tasks ,including ,outdoor ,
304,83,87,_10_1371_journal_pone_0088445.txt,1,2,1,1,The ,crucial ,pipes ,are ,identified ,eventually. ,The ,proposed ,methodology ,is ,illustrated ,by ,an ,example. ,The ,results ,show ,that ,the ,demand ,
53,62,192,_10_1371_journal_pone_0079967.txt,1,2,2,1,Analysis ,of ,connectivity ,scenarios ,suggested ,that ,owl ,roadkills ,were ,primarily ,related ,to ,short ,range ,movements (<5 ,km) ,between ,high ,quality ,territories. ,
284,62,207,_10_1371_journal_pone_0079967.txt,1,2,2,1,km) ,between ,high ,quality ,territories. ,Tawny ,owl ,roadkills ,were ,spatially ,"autocorrelated, ",but ,the ,introduction ,of ,spatial ,filters ,in ,the ,regression ,
164,40,138,_10_1371_journal_pone_0071179.txt,1,2,1,1,more ,harm, ,on ,the ,other ,"hand, ",no ,such ,bias ,was ,observed ,in ,the ,case ,of ,passive ,injuries. ,Bias ,was ,also 
323,53,223,_10_1371_journal_pone_0077026.txt,1,2,1,1,from ,the ,Hardy–,Weinberg ,equilibrium ,but ,no ,such ,deviation ,was ,found ,in ,birds ,from ,rural ,sites. ,Conclusion: ,We ,"cannot, ","therefore, ",
71,14,268,_10_1371_journal_pone_0062712.txt,1,2,1,1,indicates ,that ,the ,levels ,of ,ARGs ,at ,this ,site ,were ,associated ,with ,the ,environmental ,levels ,of ,"antibiotics.

",: ,The ,western ,
261,95,226,_10_1371_journal_pone_0092430.txt,1,2,1,1,recovery ,"actions, ",but ,the ,extent ,to ,which ,this ,was ,true ,depended ,on ,the ,target ,koala ,population ,growth ,rate. ,Given ,that ,
200,44,147,_10_1371_journal_pone_0072984.txt,1,2,1,1,local ,density ,of ,nearby ,"buildings, ",roads ,and ,traffic ,levels ,were ,assessed ,using ,normal ,kernel ,distance-,weighting ,functions. ,Quasi-,Poisson ,generalised ,
3,4,68,_10_1371_journal_pone_0057255.txt,1,2,1,1,health ,check-,ups ,and ,answered ,a ,road ,traffic ,questionnaire ,were ,examined ,to ,determine ,whether ,asymptomatic ,leukoaraiosis ,was ,associated ,with ,various ,
184,35,33,_10_1371_journal_pone_0069254.txt,1,2,1,1,public ,transport ,systems. ,Yet ,how ,new ,public ,transport ,infrastructure ,is ,experienced ,and ,integrated (,or ,not) ,into ,daily ,practice ,is ,little ,
6,0,83,_10_1371_journal_pone_0053755.txt,1,2,1,1,and ,health ,"facilities, ",plus ,access ,to ,major ,transport ,networks ,were ,investigated. ,Demographic ,and ,Health ,Survey ,geo-,referenced ,cluster ,level ,data ,
78,51,221,_10_1371_journal_pone_0075424.txt,1,2,1,1,re-,analysis ,of ,Walker',s ,"data, ",helmet ,wearing ,is ,not ,associated ,with ,close ,motor ,vehicle ,passing. ,The ,"results, ","however, ",highlight ,
320,51,156,_10_1371_journal_pone_0075424.txt,1,2,1,1,significant ,association ,between ,passing ,distance ,and ,helmet ,wearing ,was ,not ,found ,when ,dichotomised ,by ,the ,one ,metre ,rule. ,Other ,factors ,
48,26,100,_10_1371_journal_pone_0065092.txt,1,2,1,1,was ,irrelevant ,to ,choosing ,between ,lotteries. ,"Notwithstanding, ",when ,skill ,was ,related ,to ,determining ,lottery ,"entrants, ",participants ,who ,felt ,highly ,skillful ,
136,95,20,_10_1371_journal_pone_0092430.txt,1,2,1,1,due ,to ,multiple ,threats ,is ,"challenging, ",especially ,when ,there ,are ,limited ,resources. ,Recent ,studies ,offer ,insights ,into ,how ,costs ,and ,
171,14,198,_10_1371_journal_pone_0062712.txt,1,1,1,1,"ofloxacin, ","levofloxacin, ","oxytetracycline, ",trimethoprim ,and ,sulfamethoxazole ,respectively. ,ARGs ,were ,also ,detected ,at ,the ,sites ,and ,the ,highest ,levels ,of ,ARGs ,
98,79,88,_10_1371_journal_pone_0087482.txt,1,1,1,1,series ,analysis ,using ,autoregressive ,integrated ,moving ,average (,ARIMA) ,modeling ,was ,performed ,using ,monthly ,data ,of ,rates ,of ,RT ,crashes ,and ,
292,70,62,_10_1371_journal_pone_0083462.txt,1,1,1,1,urban ,street ,dust ,and ,soil ,samples ,from ,"Baoji, ",China ,were ,pretreated ,with ,acids ,and ,analyzed ,with ,four ,thermal/,optical ,protocols ,
182,16,102,_10_1371_journal_pone_0063385.txt,1,1,1,1,among ,all ,kinds ,of ,images. ,The ,whole ,Bayesian ,formulation ,is ,solved ,in ,an ,Expectation-,Maximization ,paradigm. ,After ,finding ,those ,discriminative ,
165,40,148,_10_1371_journal_pone_0071179.txt,1,1,1,1,observed ,in ,the ,case ,of ,passive ,injuries. ,Bias ,was ,also ,observed ,in ,elephant ,sex ,since ,more ,males ,than ,females ,were ,
131,79,17,_10_1371_journal_pone_0087482.txt,1,1,1,1,safety ,intervention ,program (,IMESEVI) ,funded ,by ,the ,Bloomberg ,Philanthropies ,was ,launched ,in ,Mexico. ,Two ,years ,later ,"in 2010, ",IMESEVI ,was ,refocused ,
58,74,177,_10_1371_journal_pone_0086294.txt,1,1,1,1,analyzed ,using ,Confocal ,Laser ,Scanning ,Microscopy (,CLSM). ,Bond ,strengths ,were ,evaluated ,using ,a ,push-,out ,test. ,Data ,were ,analyzed ,using ,
17,35,53,_10_1371_journal_pone_0069254.txt,1,1,1,1,understood. ,We ,investigated ,how ,the ,Cambridgeshire ,Guided ,"Busway, ","UK, ",was ,used ,and ,experienced ,in ,the ,weeks ,following ,its ,"opening, ",using ,
99,90,74,_10_1371_journal_pone_0091058.txt,1,1,1,1,to ,detect ,differences ,between ,different ,population ,subsets. ,CT ,scans ,were ,performed ,on 80 ,healthy ,volunteers (160 ,hips) ,from ,South ,"China, ",comprising 40 ,males (80 ,
242,57,82,_10_1371_journal_pone_0077514.txt,1,1,1,1,caribou ,in ,a ,managed ,area ,in ,"Québec, ",Canada. ,Movements ,were ,studied ,using ,a ,use – ,availability ,design ,contrasting ,observed ,steps (,i.,
271,52,96,_10_1371_journal_pone_0076108.txt,1,1,1,1,taken ,by ,aspiration ,of ,the ,purulent ,exudate. ,Clinical ,samples ,were ,processed ,for ,analysis ,of ,the ,exoproteome ,by ,using ,two ,complementary ,
229,51,97,_10_1371_journal_pone_0075424.txt,1,1,1,1,while ,in ,a ,bikelane ,and ,helmet ,wearing. ,Each ,variable ,was ,considered ,for ,a ,"final, ",multivariable ,model ,using ,purposeful ,selection ,of ,
193,20,153,_10_1371_journal_pone_0064317.txt,1,1,1,1,in ,the ,United ,"States, ",Canada ,and ,the ,European ,Union ,were ,assembled. ,A ,log-,linear ,model ,controlling ,the ,random ,effects ,on ,
29,84,114,_10_1371_journal_pone_0088463.txt,1,1,1,1,projections ,were ,generated ,from 19 ,Global ,Circulation ,Models. ,Focus ,groups ,were ,used ,to ,identify ,nine ,indicators ,of ,sensitivity ,and ,eleven ,indicators ,
151,79,226,_10_1371_journal_pone_0087482.txt,1,1,1,1,crashes ,in ,a ,middle-,income ,country ,setting. ,Further ,analysis ,is ,needed ,to ,differentiate ,the ,effects ,of ,various ,"interventions, ",and ,to ,
117,21,113,_10_1371_journal_pone_0064582.txt,1,1,1,1,suggest ,that ,our ,proposed ,index ,system ,of ,HWB ,is ,well-,"designed, ",valid ,and ,could ,be ,useful ,for ,better ,understanding ,the ,
330,5,27,_10_1371_journal_pone_0057546.txt,1,1,1,1,outcome ,of ,scientific ,collaborations ,and ,research ,publications. ,"However, ",little ,is ,known ,about ,what ,network ,properties ,are ,associated ,with ,authors ,who ,
208,23,121,_10_1371_journal_pone_0064782.txt,1,1,1,1,same ,time ,the ,participant ,reported ,subjective ,sleepiness (,"KSS), ",EOG ,was ,recorded (,for ,calculation ,of ,blink ,duration) ,and ,several ,driving ,measure ,
118,97,29,_10_1371_journal_pone_0093925.txt,1,1,1,1,settlement ,in ,"Mumbai, ",India. ,Methods ,and ,Findings: ,LBHCS ,codes ,were ,designed ,to ,double ,as ,unique ,household ,identifiers ,and ,as ,walking ,
198,62,108,_10_1371_journal_pone_0079967.txt,1,1,1,1,Maxent ,distribution ,model ,to ,estimate ,habitat ,suitability. ,Landscape ,connectivity ,was ,estimated ,from ,least-,cost ,paths ,between ,tawny ,owl ,"territories, ",using ,
231,84,5,_10_1371_journal_pone_0088463.txt,1,1,1,1,its ,ability ,of ,resisting ,"disasters.

","
",The ,Mesoamerican ,region ,is ,considered ,to ,be ,one ,of ,the ,areas ,in ,the ,world ,
18,42,87,_10_1371_journal_pone_0071790.txt,1,1,1,1,similar ,data ,were ,available ,for 1971–2001. ,Indices ,of ,Multiple ,Deprivation ,were ,used ,to ,characterise ,socio-,economic ,patterning. ,The ,National ,Travel ,Survey (2002–2010) ,
287,64,108,_10_1371_journal_pone_0080275.txt,1,1,1,1,European ,"countries, 248 ",are ,invasive/,noxious ,weeds ,in ,North ,"America, 370 ",are ,naturalized ,alien ,species ,in ,"Australia, 167 ",are ,alien ,species ,in ,"India, 77 ",
286,64,77,_10_1371_journal_pone_0080275.txt,1,1,1,1,seed ,that ,can ,be ,dispersed ,by ,cars. ,Of ,"these, 599 ",are ,listed ,as ,weeds ,in ,some ,part ,of ,the ,"world, ",with 439 ,
321,51,167,_10_1371_journal_pone_0075424.txt,1,1,1,1,when ,dichotomised ,by ,the ,one ,metre ,rule. ,Other ,factors ,were ,found ,to ,be ,significantly ,associated ,with ,close ,passing ,including ,cyclists' ,
300,77,183,_10_1371_journal_pone_0087244.txt,1,1,1,1,associated ,with ,different ,types ,of ,fatal ,crashes. ,Patterns 2 ,and 4 ,are ,constituted ,mainly ,by ,predominantly ,urban ,characteristics ,and ,have ,frequent ,fatal ,
159,68,63,_10_1371_journal_pone_0082640.txt,1,1,1,1,Center ,Hospital ,of ,Tianjin. ,Inpatient ,diagnoses ,of ,RTI ,patients ,were ,defined ,using ,the ,International ,Classification ,of ,"Diseases, ",Tenth ,Revision (,ICD-10) ,
241,34,109,_10_1371_journal_pone_0068636.txt,1,1,1,1,"admissions, ",hospital ,stay ,and ,mortality ,were ,analyzed. ,Results: 245 ,patients ,were ,"studied, 69% ",were ,vehicle ,"occupants, 15% ","pedestrians, 9% ",motorcyclists ,and 5% ,bicyclists. 79% ,were ,males ,
16,28,145,_10_1371_journal_pone_0065198.txt,1,1,1,1,adjusting ,for ,associated ,known ,risk ,factors. ,The ,"SARIMA (0, 1, 1)×(0, 1, 1)12 ",model ,was ,used ,for ,fitting ,to ,the ,time ,series ,of ,death ,rate. ,
30,93,245,_10_1371_journal_pone_0091942.txt,1,1,1,1,subtle ,changes ,observed ,in ,wild ,animal ,populations. ,Since ,mice ,are ,used ,world-,wide ,as ,research ,models ,these ,results ,could ,open ,
203,41,39,_10_1371_journal_pone_0071476.txt,1,1,1,1,and ,pose ,new ,challenges ,to ,urban ,species. ,Songbirds ,are ,particularly ,affected ,by ,these ,"factors, ",because ,they ,rely ,on ,the ,spread ,
21,58,49,_10_1371_journal_pone_0077718.txt,1,1,1,1,which ,includes ,the ,cities ,of ,Minneapolis ,and ,St. ,Paul) ,is ,used ,for ,the ,analysis. ,Travelers ,are ,classified ,into ,two ,groups ,
101,4,104,_10_1371_journal_pone_0057255.txt,1,1,1,1,and ,various ,types ,of ,traffic ,crashes. ,Results: ,Subcortical ,leukoaraiosis ,was ,diagnosed ,in 28.52% ,of ,all ,"subjects, ",whereas ,periventricular ,leukoaraiosis ,was ,diagnosed ,
92,4,4,_10_1371_journal_pone_0057255.txt,1,1,1,1,collective ,purpose ,at ,the ,national ,"level.
      
",Background: ,There ,are ,no ,reported ,studies ,on ,the ,relationship ,between ,traffic ,crashes ,and ,brain ,
255,42,116,_10_1371_journal_pone_0071790.txt,1,1,1,1,and ,modal ,share ,of ,total ,travel ,time. ,These ,correlations ,were ,calculated ,across 150 ,non-,overlapping ,populations ,defined ,by ,"region, ",year ,band ,
19,42,98,_10_1371_journal_pone_0071790.txt,1,1,1,1,to ,characterise ,socio-,economic ,patterning. ,The ,National ,Travel ,Survey (2002–2010) ,was ,used ,to ,examine ,correlations ,between ,commute ,modal ,share ,and ,modal ,
251,61,77,_10_1371_journal_pone_0079396.txt,1,1,1,1,public ,bicycle ,share ,systems ,in ,the ,USA. ,User ,mobility ,is ,characterized ,through ,the ,distribution ,of ,trip ,"durations, ",while ,network ,topology ,
134,24,4,_10_1371_journal_pone_0064852.txt,1,1,1,1,driving ,behaviour ,or ,driver ,behavioural ,"signs.

","
",When ,data ,are ,limited ,it ,is ,difficult ,for ,conservation ,managers ,to ,assess ,alternative ,
311,93,92,_10_1371_journal_pone_0091942.txt,1,1,1,1,m) ,from ,the ,AP-51 ,motorway ,in ,Spain. ,Wood ,mice ,were ,captured ,with ,Sherman ,live ,"traps, ",and ,fresh ,faecal ,samples ,from 424 ,
331,11,22,_10_1371_journal_pone_0060590.txt,1,1,1,1,affect ,both ,ecological ,function ,and ,conservation ,planning. ,Yet ,little ,is ,known ,regarding ,the ,spatial ,scale ,at ,which ,distinct ,behaviors ,related ,
83,89,183,_10_1371_journal_pone_0090835.txt,1,1,1,1,severe ,injury (,"OR 0.61, 95% ","CI 0.38–0.98, ",p<0.042). ,Accidents ,involving ,a ,truck ,were ,associated ,with ,increased ,risk ,of ,severe ,injury (,"OR 3.53, 95%","CI 1.21–10.26, ",p<0.02). ,
262,66,32,_10_1371_journal_pone_0081153.txt,1,1,1,1,used ,as ,weather ,parameters. ,People',s ,daily ,activity ,patterns ,were ,"inferred, ",such ,as ,place ,"visited, ",the ,time ,this ,took ,"place, ",
64,2,15,_10_1371_journal_pone_0055638.txt,1,1,1,1,conditions ,linked ,with ,low ,levels ,of ,physical ,activity (,PA) ,are ,associated ,with ,deprivation. ,One ,reason ,for ,this ,could ,be ,that ,
221,84,154,_10_1371_journal_pone_0088463.txt,1,1,1,1,condensed ,into ,an ,index ,of ,"vulnerability, ",and ,adaptation ,strategies ,were ,identified ,in ,participatory ,workshops. ,Models ,predict ,that ,all ,target ,countries ,
152,84,265,_10_1371_journal_pone_0088463.txt,1,1,1,1,trends ,difficult ,to ,identify. ,Flexible ,strategies ,for ,adaption ,are ,therefore ,needed. ,Families ,need ,the ,support ,of ,government ,and ,institutions ,specialized ,
28,78,153,_10_1371_journal_pone_0087470.txt,1,1,1,1,means ,of ,a ,mobile ,eye ,tracker. ,Two ,additional ,cameras ,were ,used ,to ,monitor ,the ,driving ,scene ,and ,record ,head ,and ,
141,9,114,_10_1371_journal_pone_0058978.txt,1,1,1,1,each ,subpopulation. ,Statewide ,across ,all ,"years, 48.5% ",of ,all ,manatees ,were ,counted ,at ,power ,plant ,"outfalls, 17.5% ",at ,natural ,"springs, ",and 34.9 % ,at ,
308,89,94,_10_1371_journal_pone_0090835.txt,1,1,1,1,using ,a ,string ,term. ,"Medical, ",police ,and ,ambulance ,records ,were ,reviewed ,for ,data ,extraction. ,Results: ,A ,total ,of 347 ,patients ,were ,
109,20,118,_10_1371_journal_pone_0064317.txt,1,1,1,1,"characteristics, ",city ,"population, ",and ,local ,area ,GDP ,amongst ,others ,are ,utilized ,as ,covariates ,in ,a ,spatial ,interaction ,framework ,to ,predict ,
108,5,128,_10_1371_journal_pone_0057546.txt,1,1,1,1,citation ,count ,is ,the ,number ,of ,times ,an ,article ,is ,cited ,by ,other ,articles. ,We ,use ,co-,authorship ,dataset ,of ,
94,17,178,_10_1371_journal_pone_0063503.txt,1,1,1,1,comfort ,and ,convenient ,pedestrian ,movements. ,The ,sensitivity ,analysis ,is ,also ,performed ,to ,see ,the ,impact ,of ,some ,crucial ,parameters ,of ,
279,58,55,_10_1371_journal_pone_0077718.txt,1,1,1,1,and ,St. ,Paul) ,is ,used ,for ,the ,analysis. ,Travelers ,are ,classified ,into ,two ,groups ,based ,on ,the ,ratio ,of ,perceived ,
186,17,77,_10_1371_journal_pone_0063503.txt,1,1,1,1,movements. ,In ,this ,"paper, ",a ,queuing ,based ,analytical ,model ,is ,developed ,as ,a ,function ,of ,relevant ,determinants ,and ,functional ,factors ,
42,90,103,_10_1371_journal_pone_0091058.txt,1,1,1,1,Mimics 10.01 ,to ,perform 3,D ,reconstruction. ,THA-,associated ,anatomical ,parameters ,were ,measured ,and ,compared ,with ,other ,published ,data. ,In ,comparison ,with ,
299,77,116,_10_1371_journal_pone_0087244.txt,1,1,1,1,to ,crash ,occurrence ,in ,the ,hotspots. ,Between 2007 ,"and 2009, 379 ",crashes ,were ,"notified, ",with 466 ,fatalities ,on ,BR277. ,Higher ,incidence ,of ,crashes ,occurred ,
235,40,85,_10_1371_journal_pone_0071179.txt,1,1,1,1,of ,injured ,elephants. ,Methodology/,Principal ,Findings: ,Between 2007 ,"and 2011, 129 ",elephants ,were ,monitored ,in ,Masai ,Mara (,"Kenya), ",of ,which 54 ,had ,various ,types ,
290,65,42,_10_1371_journal_pone_0080598.txt,1,1,1,1,sectional ,health ,care ,utilization ,survey ,was ,conducted ,"and 8,715 ",caregivers ,were ,interviewed ,regarding ,their ,intended ,behavior ,in ,case ,their ,children ,had ,
289,64,176,_10_1371_journal_pone_0080275.txt,1,1,1,1,to ,be ,favoured ,over ,annual ,graminoids ,while ,annual ,forbs ,are ,favoured ,over ,perennial ,forbs. ,Species ,characteristics ,including ,seed ,size ,and ,
36,5,239,_10_1371_journal_pone_0057546.txt,1,1,1,1,identify ,that ,citation ,count ,of ,a ,research ,article ,is ,positively ,correlated ,with ,the ,degree ,centrality ,and ,betweenness ,centrality ,values ,of ,
65,4,75,_10_1371_journal_pone_0057255.txt,1,1,1,1,traffic ,questionnaire ,were ,examined ,to ,determine ,whether ,asymptomatic ,leukoaraiosis ,was ,associated ,with ,various ,types ,of ,traffic ,crashes. ,Multiple ,logistic ,regression ,
41,44,166,_10_1371_journal_pone_0072984.txt,1,1,1,1,generalised ,linear ,mixed ,models ,allowing ,for ,spatial ,auto-,correlation ,were ,fitted. ,Results: ,Significantly ,lower ,densities ,of ,stone ,curlew ,nests ,were ,
81,77,231,_10_1371_journal_pone_0087244.txt,1,1,1,1,limited ,"lighting, ",double ,lanes ,"roadways, ",and ,less ,auxiliary ,lanes ,were ,associated ,with ,a ,higher ,incidence ,of ,fatal ,crashes. ,Conclusions: ,By ,
1,0,10,_10_1371_journal_pone_0053755.txt,1,1,1,1,"
        ",Vector ,"control, ",including ,the ,use ,of ,bed ,"nets, ",is ,recommended ,as ,a ,possible ,strategy ,for ,eliminating ,lymphatic ,filariasis (,LF) ,
119,28,99,_10_1371_journal_pone_0065198.txt,1,1,1,1,Health ,"covering 146, 269 ",deaths ,due ,to ,traffic ,injuries ,between 2004 ,and 2011 ,was ,analyzed. ,The ,time ,series ,method ,was ,carried ,out ,to ,determine ,
85,2,80,_10_1371_journal_pone_0055638.txt,1,1,1,1,deprivation ,at ,datazone ,level. ,GIS ,car ,and ,bus ,networks ,were ,created ,to ,determine ,the ,number ,of ,PA ,facilities ,accessible ,within ,
14,25,68,_10_1371_journal_pone_0064968.txt,1,1,1,1,an ,attempt ,to ,obtain ,high ,predictive ,"precision, ",but ,are ,rarely ,used ,for ,generic ,or ,theoretical ,purposes. ,Here ,we ,show ,that ,
175,72,170,_10_1371_journal_pone_0085557.txt,1,1,1,1,on ,specimen ,immobilization. ,More ,than  ,of ,the ,canals ,were ,successfully ,detected ,and ,tracked ,by ,the ,image-,processing ,method ,developed. ,Thus ,
230,71,39,_10_1371_journal_pone_0085470.txt,1,1,1,1,high ,diversity ,of ,organisms ,in ,tropical ,forest ,canopies ,and ,are ,considered ,a ,keystone ,resource. ,A ,number ,of ,amphibians ,inhabit ,these ,
305,84,144,_10_1371_journal_pone_0088463.txt,1,1,1,1,with 558 ,coffee ,producers. ,"Exposure, ",sensitivity ,and ,adaptive ,capacity ,were ,then ,condensed ,into ,an ,index ,of ,"vulnerability, ",and ,adaptation ,strategies ,were ,
60,84,129,_10_1371_journal_pone_0088463.txt,1,1,1,1,of ,sensitivity ,and ,eleven ,indicators ,of ,adaptive ,"capacity, ",which ,were ,evaluated ,through ,semi-,structured ,interviews ,with 558 ,coffee ,producers. ,"Exposure, ",sensitivity ,
143,46,196,_10_1371_journal_pone_0073695.txt,1,1,1,1,scale ,of 10 ,to 15 ,days ,before ,their ,"death, ",caribou ,that ,were ,killed ,by ,a ,predator ,selected ,for ,recent ,disturbances ,more ,than ,
240,34,66,_10_1371_journal_pone_0068636.txt,1,1,1,1,or ,who ,died ,after ,arrival ,to ,these ,centers ,were ,prospectively ,studied ,from ,April 2006 ,to ,October 2007. ,Demography ,of ,"patients, ",road-,user ,
315,37,34,_10_1371_journal_pone_0069469.txt,1,1,1,1,its ,street ,network ,during ,the ,last ,two ,centuries. ,This ,is ,done ,by ,employing ,a ,unique ,"dataset, ",consisting ,of ,the ,planar ,
75,38,120,_10_1371_journal_pone_0069472.txt,1,1,1,1,odds ,ratio = 1.7). ,Other ,objectively ,measured ,neighbourhood-,level ,characteristics ,were ,not ,associated ,with ,physical ,activity ,levels. ,Conclusions: ,Distance ,to ,nearest ,greenspace ,
294,84,106,_10_1371_journal_pone_0088463.txt,1,1,1,1,"Mexico, ","Guatemala, ",El ,Salvador ,and ,Nicaragua. ,Future ,climate ,projections ,were ,generated ,from 19 ,Global ,Circulation ,Models. ,Focus ,groups ,were ,used ,to ,
226,41,221,_10_1371_journal_pone_0071476.txt,1,1,1,1,and ,cold ,weather ,delayed ,the ,"onset, ",but ,cloud ,cover ,was ,assumed ,to ,reflect ,night ,light ,"emissions, ","thus, ",amplified ,sky ,luminance ,
335,87,103,_10_1371_journal_pone_0089664.txt,1,1,1,1,to ,the ,alpine ,zone. ,Observations ,of ,plant ,community ,composition ,were ,made ,together ,with ,"abiotic, ",biotic ,and ,anthropogenic ,factors ,in 60 ,T-,
267,77,101,_10_1371_journal_pone_0087244.txt,1,1,1,1,regions. ,"Additionally, ",built ,environment ,"analysis, ",and ,principal ,component ,analysis ,were ,conducted ,to ,verify ,patterns ,contributing ,to ,crash ,occurrence ,in ,the ,
228,63,157,_10_1371_journal_pone_0080178.txt,1,1,1,1,given ,segment ,into ,account. ,Two ,proof-,of-,concept ,cases ,are ,described ,here: ,Possible ,transfer ,of ,passenger ,flow ,to ,the ,road ,
160,84,56,_10_1371_journal_pone_0088463.txt,1,1,1,1,the ,Intergovernmental ,Panel ,on ,Climate ,Change (,IPCC) ,"concepts, ",vulnerability ,was ,defined ,as ,the ,combination ,of ,"exposure, ",sensitivity ,and ,adaptive ,capacity. ,
62,21,177,_10_1371_journal_pone_0064582.txt,1,1,1,1,freedom ,of ,choice ,and ,action). ,Since ,the ,conceptual ,framework ,is ,based ,on ,the ,generalizable ,MA ,"framework, ",our ,methods ,should ,also ,
246,35,163,_10_1371_journal_pone_0069254.txt,1,1,1,1,the ,new ,system ,to ,be ,an ,improvement, ,"consequently, ",they ,were ,frustrated ,that ,it ,was ,differentiated ,from ,and ,not ,coherent ,with 
55,1,143,_10_1371_journal_pone_0054582.txt,1,1,1,1,of ,Google ,Street ,View ,to ,ecologists ,and ,conservation ,biologists ,were ,evaluated: ,i) ,remotely ,identifying ,a ,species’ ,potential ,habitat ,and ,ii) ,
326,70,92,_10_1371_journal_pone_0083462.txt,1,1,1,1,measurement. ,The ,EC ,values ,measured ,with ,reflectance ,correction (,ECR) ,were ,found ,always ,higher ,and ,less ,sensitive ,to ,temperature ,program ,than ,
324,57,204,_10_1371_journal_pone_0077514.txt,1,1,1,1,clearcut ,edges ,and ,roads ,at ,low ,"densities, ",crossing ,rates ,were ,found ,to ,rapidly ,increase ,in ,greater ,disturbance ,densities. ,In ,some ,
82,89,168,_10_1371_journal_pone_0090835.txt,1,1,1,1,"SD 16.5, ",range 1–75) ,versus 10.5 (,"SD13.14, ",range 1–75) (,p<0.019). ,Zebra ,crosswalk ,accidents ,were ,associated ,with ,less ,risk ,of ,severe ,injury (,"OR 0.61, 95% ","CI 0.38–0.98, ",p<0.042). ,
220,83,81,_10_1371_journal_pone_0088445.txt,1,1,1,1,conductive ,failure ,pattern) ,from ,complex ,network. ,The ,crucial ,pipes ,are ,identified ,eventually. ,The ,proposed ,methodology ,is ,illustrated ,by ,an ,example. ,
190,18,197,_10_1371_journal_pone_0064128.txt,1,1,1,1,Stages 0 ,and 1. ,Neuron ,number ,after 24 ,hours ,of ,culture ,was ,not ,altered ,by ,prenatal ,nPM ,exposure. ,Addition ,of ,exogenous ,nPM (2 ,µg/,
318,44,176,_10_1371_journal_pone_0072984.txt,1,1,1,1,fitted. ,Results: ,Significantly ,lower ,densities ,of ,stone ,curlew ,nests ,were ,found ,at ,distances ,up ,to 1500,m ,from ,"settlements, ",and ,distances ,
264,50,71,_10_1371_journal_pone_0075308.txt,1,1,1,1,comprehensive ,review ,of ,the ,costs ,of ,various ,decontamination ,methods ,was ,conducted ,as ,part ,of ,the ,analysis. ,The ,results ,indicate ,that ,
34,0,169,_10_1371_journal_pone_0053755.txt,1,1,1,1,rural ,clusters. ,In ,rural ,"clusters, ",ITN ,coverage/,density ,was ,positively ,correlated ,with ,population ,density (,"r = 0.25, 0.27 ","respectively, ","p<0.01), ",and ,negatively ,with ,
123,74,167,_10_1371_journal_pone_0086294.txt,1,1,1,1,were ,labeled ,using ,fluorescent ,dyes ,and ,resin-,dentin ,interfaces ,were ,analyzed ,using ,Confocal ,Laser ,Scanning ,Microscopy (,CLSM). ,Bond ,strengths ,were ,
234,68,42,_10_1371_journal_pone_0082640.txt,1,1,1,1,city ,of ,China. ,Methods: ,A ,population-,based ,descriptive ,study ,was ,carried ,out ,between 2007 ,and 2010 ,with ,RTI ,patient ,records ,from ,the ,
199,63,26,_10_1371_journal_pone_0080178.txt,1,1,1,1,peak ,urban ,rail ,transit (,URT) ,ODs (,origin-,destination ,matrix) ,were ,estimated ,and ,the ,most ,vulnerable ,URT ,"segments, ",those ,capable ,of ,
70,14,214,_10_1371_journal_pone_0062712.txt,1,1,1,1,highest ,levels ,of ,ARGs ,"detected, ",sulI ,and ,"dfrA1, ",were ,directly ,associated ,with ,the ,antibiotics ,detected ,at ,the ,highest ,"concentrations, ",sulfamethoxazole ,
181,16,84,_10_1371_journal_pone_0063385.txt,1,1,1,1,to ,a ,generative ,probabilistic ,model. ,"Meanwhile, ",a ,discriminative ,functionality ,is ,incorporated ,into ,the ,model ,to ,interpret ,the ,differences ,among ,all ,
72,31,158,_10_1371_journal_pone_0067575.txt,1,1,1,1,to ,work. ,In ,adjusted ,"analyses, ",home-,work ,distance ,was ,strongly ,associated ,with ,mode ,"choice, ",particularly ,for ,walking. ,Lower ,odds ,of ,
341,23,132,_10_1371_journal_pone_0064782.txt,1,1,1,1,for ,calculation ,of ,blink ,duration) ,and ,several ,driving ,measure ,were ,taken ,and ,synchronized ,with ,the ,reporting. ,Based ,on ,mixed ,model ,
313,97,45,_10_1371_journal_pone_0093925.txt,1,1,1,1,identifiers ,and ,as ,walking ,directions, ,when ,an ,entire ,community ,is ,"enumerated, ",LBHCS ,codes ,can ,be ,used ,to ,identify ,the ,number 
194,31,98,_10_1371_journal_pone_0067575.txt,1,1,1,1,characteristics. ,Using ,geographic ,information ,system (,GIS) ,"software, 30 ",exposure ,variables ,were ,produced ,capturing ,characteristics ,of ,areas ,around ,participants' ,homes ,and ,workplaces ,
212,78,141,_10_1371_journal_pone_0087470.txt,1,1,1,1,to ,investigate ,the ,subjects' ,visual ,exploration ,"ability, ",eye ,movements ,were ,recorded ,by ,means ,of ,a ,mobile ,eye ,tracker. ,Two ,additional ,
191,18,124,_10_1371_journal_pone_0064128.txt,1,1,1,1,and ,adult ,behaviors. ,Adult ,C57,BL/6,J ,female ,mice ,were ,exposed ,to ,re-,aerosolized ,nPM (350 ,µg/,m3) ,or ,control ,filtered ,
338,57,177,_10_1371_journal_pone_0077514.txt,1,1,1,1,at ,night. ,The ,local ,context ,in ,which ,females ,moved ,was ,shown ,to ,influence ,their ,decision ,to ,cross ,clearcut ,edges ,and ,
239,92,192,_10_1371_journal_pone_0091833.txt,1,1,1,1,the ,Australian ,southern ,rock ,lobster ,Jasus ,edwardsii ,"fishery, ",which ,is ,challenged ,by ,a ,number ,of ,climate ,change ,drivers ,such ,as ,
238,71,85,_10_1371_journal_pone_0085470.txt,1,1,1,1,at ∼20–45 ,m (,x¯ = 33 ,m) ,above ,the ,forest ,floor. ,Bromeliads ,were ,sampled ,from ,trees ,located ,near ,trails ,in ,undisturbed ,primary ,rainforest ,
135,31,43,_10_1371_journal_pone_0067575.txt,1,1,1,1,are ,most ,important ,and ,might ,form ,targets ,for ,intervention ,is ,limited. ,This ,study ,investigated ,associations ,between ,mode ,choice ,and ,a ,
278,84,214,_10_1371_journal_pone_0088463.txt,1,1,1,1,yields ,and ,out-,migration ,of ,the ,work ,force. ,This ,was ,combined ,with ,low ,adaptation ,capacity ,as ,evidenced ,by ,poor ,post ,
295,73,113,_10_1371_journal_pone_0085725.txt,1,1,1,1,selective ,"logging, ",municipalities ,where 0–7% ,of ,the ,remaining ,forests ,were ,selectively ,logged ,had ,the ,highest ,malaria ,"risk (1.72, 95% ","CI 1.18–2.51), ",and ,areas ,with ,
343,52,86,_10_1371_journal_pone_0076108.txt,1,1,1,1,NaOCl ,or ,chlorhexidine ,as ,the ,irrigant. ,Samples ,from ,abscesses ,were ,taken ,by ,aspiration ,of ,the ,purulent ,exudate. ,Clinical ,samples ,were ,
46,93,104,_10_1371_journal_pone_0091942.txt,1,1,1,1,Sherman ,live ,"traps, ",and ,fresh ,faecal ,samples ,from 424 ,individuals ,were ,collected ,and ,analyzed ,in ,the ,laboratory. ,The ,quantification ,of ,FCM ,
44,18,71,_10_1371_journal_pone_0064128.txt,1,1,1,1,inflammatory ,brain ,responses ,with ,altered ,neuronal ,glutamatergic ,functions. ,nPMs ,are ,collected ,continuously ,for ,one ,month ,from ,a ,local ,freeway ,and ,
179,90,181,_10_1371_journal_pone_0091058.txt,1,1,1,1,canal ,flare ,index (,DCFI) ,were ,found ,between ,"genders, ",it ,was ,concluded ,the ,most ,significant ,differences ,lay ,in ,the ,isthmus ,of ,
144,10,46,_10_1371_journal_pone_0060158.txt,1,1,1,1,Wales. ,Participants: 617 ,elected ,local ,politicians. ,Interventions: ,Intervention ,group ,politicians ,were ,provided ,with ,tailored ,information ,"packs, ",including ,maps ,of ,casualty ,"sites, ",
302,82,21,_10_1371_journal_pone_0087986.txt,1,1,1,1,of ,complex ,networks ,modelling, ,in ,"particular, ",self-,healing ,capabilities ,are ,implemented ,through ,distributed ,communication ,protocols ,that ,exploit ,redundant ,links ,to 
2,28,254,_10_1371_journal_pone_0065198.txt,1,1,1,1,education ,courses ,for ,drivers ,and ,providing ,optimal ,healthcare ,services ,are ,"recommended.

","
",Habitat ,selection ,studies ,generally ,assume ,that ,animals ,select ,
314,20,171,_10_1371_journal_pone_0064317.txt,1,1,1,1,effects ,on ,"origin, ",destination ,and ,the ,airport ,hierarchy ,was ,then ,built ,to ,predict ,passenger ,flows ,on ,the ,"network, ",and ,compared ,
122,68,124,_10_1371_journal_pone_0082640.txt,1,1,1,1,severity ,of ,"injuries, ",duration ,of ,inpatient ,"stays, ",hospitalization ,cost ,were ,analyzed. ,Results: ,People ,between ,the ,ages ,of 16 ,and 55 ,were ,the ,
319,49,237,_10_1371_journal_pone_0075024.txt,1,1,1,1,the ,mammal ,species ,distributions ,and ,significant ,human ,hunting ,signs ,were ,found ,inside ,these ,protected ,"areas, ",illustrating ,the ,lack ,of ,environmental ,
342,52,59,_10_1371_journal_pone_0076108.txt,1,1,1,1,human ,proteins ,associated ,with ,these ,infections ,were ,identified. ,Samples ,were ,taken ,from ,root ,canals ,of ,teeth ,with ,asymptomatic ,apical ,periodontitis ,
7,4,33,_10_1371_journal_pone_0057255.txt,1,1,1,1,crashes ,and ,"leukoaraiosis, ",a ,common ,magnetic ,resonance ,imaging ,"finding, ",was ,investigated ,in ,this ,study. ,Methods: ,A ,total ,"of 3,930 ",automobile ,"drivers (2,037 ",
301,79,26,_10_1371_journal_pone_0087482.txt,1,1,1,1,was ,launched ,in ,Mexico. ,Two ,years ,later ,"in 2010, ",IMESEVI ,was ,refocused ,as ,part ,of ,a 10-,country ,international ,consortium ,demonstration ,project (,
145,61,149,_10_1371_journal_pone_0079396.txt,1,1,1,1,the ,"results, ",recommendations ,for ,dynamic ,pricing ,and ,incentive ,schemes ,are ,provided ,to ,positively ,influence ,mobility ,patterns ,and ,guide ,improved ,planning ,
127,40,121,_10_1371_journal_pone_0071179.txt,1,1,1,1,of ,apparently ,unaffected ,animals. ,The ,observed ,active ,injuries ,were ,as ,expected ,biased ,by ,"age, ",with ,adults ,suffering ,more ,harm, ,on 
96,75,122,_10_1371_journal_pone_0086742.txt,1,1,1,1,of ,residence. ,Conditional ,logistic ,regression ,analysis ,for ,injurious ,RTC ,was ,performed ,with ,adjustment ,for ,occupation ,and ,number ,of ,medications. ,The ,
67,4,227,_10_1371_journal_pone_0057255.txt,1,1,1,1,Conclusions: ,Multiple ,subcortical ,"leukoaraiosis, ",but ,not ,periventricular ,"leukoaraiosis, ",is ,significantly ,associated ,with ,traffic ,"crashes, ",in ,"particular, ",crossroad ,crashes. ,This ,association ,
9,0,94,_10_1371_journal_pone_0053755.txt,1,1,1,1,Demographic ,and ,Health ,Survey ,geo-,referenced ,cluster ,level ,data ,were ,used ,to ,map ,bed ,net ,coverage (,proportion ,of ,households ,with ,
40,93,150,_10_1371_journal_pone_0091942.txt,1,1,1,1,higher ,in ,breeding ,females. ,In ,"addition, ",FCM ,levels ,were ,positively ,correlated ,with ,body ,weight ,of ,individuals. ,Wood ,mice ,captured ,where ,
63,41,26,_10_1371_journal_pone_0071476.txt,1,1,1,1,conspecifics. ,Especially ,anthropogenic ,noise ,and ,artificial ,night ,light ,are ,closely ,linked ,to ,urbanization ,and ,pose ,new ,challenges ,to ,urban ,species. ,
69,12,5,_10_1371_journal_pone_0061460.txt,1,1,1,1,and ,mitigate ,human-,wildlife ,"conflict.
      
","
",Artificial ,lighting ,is ,strongly ,associated ,with ,urbanisation ,and ,is ,increasing ,in ,its ,"extent, ",brightness ,
113,93,226,_10_1371_journal_pone_0091942.txt,1,1,1,1,wild ,wood ,mice ,populations. ,Understanding ,how ,free-,living ,animals ,are ,influenced ,by ,human ,interventions ,could ,help ,to ,understand ,other ,subtle ,
91,3,127,_10_1371_journal_pone_0055957.txt,1,1,1,1,"structure, ",in ,which ,the ,majority ,of ,non-,local ,attention ,is ,allocated ,to ,high-,profile ,locations ,such ,as ,New ,"York, ","California, ",
296,73,144,_10_1371_journal_pone_0085725.txt,1,1,1,1,show ,that ,"roads, ",forest ,"fires, ",and ,selective ,logging ,are ,previously ,unrecognized ,risk ,factors ,for ,malaria ,in ,the ,Brazilian ,Amazon ,and ,
47,26,66,_10_1371_journal_pone_0065092.txt,1,1,1,1,the ,other. ,Participants’ ,entry ,into ,the ,chosen ,lottery ,was ,either ,related ,or ,unrelated ,to ,their ,"skill, ",with ,the ,final ,prize ,
52,55,154,_10_1371_journal_pone_0077343.txt,1,1,1,1,found ,that ,the ,size ,of ,cavity ,endodontists ,made ,was ,linearly ,related ,to ,the ,potency ,of ,the ,Delboeuf ,illusion (,p<.01) ,with ,
132,8,34,_10_1371_journal_pone_0058650.txt,1,1,1,1,monitoring ,using ,system-,wide ,approaches. ,One ,recent ,method ,is ,the ,balanced ,scorecard ,system. ,There ,is ,limited ,application ,of ,this ,method ,
218,52,135,_10_1371_journal_pone_0076108.txt,1,1,1,1,of-,flight. ,A ,total ,of 308 ,proteins ,of ,microbial ,origin ,were ,identified. ,The ,number ,of ,proteins ,in ,abscesses ,was ,higher ,than ,
188,17,149,_10_1371_journal_pone_0063503.txt,1,1,1,1,designing ,and ,sizing ,of ,pedestrian ,facilities. ,The ,model ,is ,empirically ,validated ,and ,is ,found ,to ,be ,a ,robust ,tool ,to ,
11,2,102,_10_1371_journal_pone_0055638.txt,1,1,1,1,"of 10, 20 ",and 30 ,minutes. ,Multilevel ,negative ,binomial ,regression ,models ,were ,then ,used ,to ,investigate ,the ,distribution ,of ,the ,number ,of ,accessible ,
211,64,146,_10_1371_journal_pone_0080275.txt,1,1,1,1,classified ,as ,internationally ,important ,environmental ,weeds. ,Although ,most (487) ,were ,only ,recorded ,"once, ",some ,species ,such ,as ,Chenopodium ,"album, ",Poa ,pratensis ,
76,38,131,_10_1371_journal_pone_0069472.txt,1,1,1,1,with ,physical ,activity ,levels. ,Conclusions: ,Distance ,to ,nearest ,greenspace ,is ,associated ,with ,meeting ,recommended ,physical ,activity ,levels ,in ,deprived ,London ,
86,76,31,_10_1371_journal_pone_0086888.txt,1,1,1,1,have ,disappeared ,"is 1,895 (37%), 2,667 ",ponds ,"remain (52%), ",and ,only 537 (11%) ,new ,ponds ,were ,created ,within ,a 757 ,km2 ,area ,in ,"Taoyuan, ",Taiwan ,between 1926 ,and 1960. ,
88,41,136,_10_1371_journal_pone_0071476.txt,1,1,1,1,This ,gradient ,of ,anthropogenic ,noise ,and ,artificial ,night ,light ,was ,reflected ,in ,the ,timing ,of ,dawn ,song. ,In ,the ,city ,
33,74,92,_10_1371_journal_pone_0086294.txt,1,1,1,1,rinse). ,Materials ,and ,Methods: ,Human ,anterior ,teeth (,n = 80) ,were ,endodontically ,treated ,and ,post ,space ,preparations ,and ,post ,placement ,were ,performed ,
244,34,46,_10_1371_journal_pone_0068636.txt,1,1,1,1,All ,RTC ,injured ,children ,and ,youth (0–19-,year-,olds) ,who ,were ,admitted ,to ,Al ,Ain ,City’,s ,two ,major ,trauma ,centers ,
209,45,144,_10_1371_journal_pone_0073427.txt,1,1,1,1,of ,the ,Hood ,Canal ,"Bridge, ",while ,only ,one ,mortality ,was ,recorded ,on ,the ,other 325 ,receivers ,deployed ,throughout ,the ,study ,area. ,
272,53,131,_10_1371_journal_pone_0077026.txt,1,1,1,1,number ,of ,"highways, ",and ,the ,number ,of ,ordinary ,"roads, ",were ,uncorrelated ,with ,genetic ,differences (,FST) ,among ,tree ,sparrows ,from ,different ,
216,84,80,_10_1371_journal_pone_0088463.txt,1,1,1,1,in ,the ,climatic ,suitability ,for ,coffee ,and ,other ,crops ,were ,predicted ,through ,niche ,modelling ,based ,on ,historical ,climate ,data ,and ,
283,62,161,_10_1371_journal_pone_0079967.txt,1,1,1,1,model ,indicated ,that ,independent ,variation ,in ,tawny ,owl ,roadkills ,was ,explained ,primarily ,by ,the ,roadkill ,index (70.5%) ,"and, ",to ,a ,much ,
270,51,129,_10_1371_journal_pone_0075424.txt,1,1,1,1,dichotomised ,by ,the ,one ,metre ,rule. ,Bootstrap ,p-,values ,were ,computed ,using ,sample ,sizes ,computed ,from ,conventional ,values ,of ,power ,
149,10,247,_10_1371_journal_pone_0060158.txt,1,1,1,1,in ,a ,randomised ,controlled ,trial. ,The ,intervention ,package ,was ,positively ,viewed ,and ,raised ,interest ,but ,changes ,in ,interventions ,were ,not ,
162,13,170,_10_1371_journal_pone_0061876.txt,1,1,1,1,minimizes ,the ,number ,of ,accidents. ,A ,rather ,paradoxical ,effect ,is ,observed: ,for ,any ,percentage ,of ,defectors ,the ,number ,of ,accidents ,
177,20,38,_10_1371_journal_pone_0064317.txt,1,1,1,1,"socioeconomic, ",environmental ,and ,epidemiological ,"implications, ",information ,on ,passenger ,flow ,is ,required. ,"However, ",comprehensive ,data ,on ,global ,passenger ,flow ,remain ,difficult ,
128,72,111,_10_1371_journal_pone_0085557.txt,1,1,1,1,to ,develop ,necessary ,image-,processing ,algorithms. ,The ,pathways ,extracted ,are ,expected ,to ,facilitate ,the ,structural ,analysis ,of ,the ,"colonies, ",namely ,
222,89,82,_10_1371_journal_pone_0090835.txt,1,1,1,1,vehicle ,while ,crossing ,the ,road ,as ,a ,pedestrian. ,Patients ,were ,identified ,by ,using ,a ,string ,term. ,"Medical, ",police ,and ,ambulance ,
297,74,158,_10_1371_journal_pone_0086294.txt,1,1,1,1,Adhesive ,systems ,and ,core ,materials ,of 10 ,specimens ,per ,group ,were ,labeled ,using ,fluorescent ,dyes ,and ,resin-,dentin ,interfaces ,were ,analyzed ,
79,76,157,_10_1371_journal_pone_0086888.txt,1,1,1,1,of ,creating ,new ,ponds. ,"However, ",a ,large ,perimeter ,is ,closely ,associated ,with ,circular ,shapes (,lower ,value ,of ,the ,mean ,pond-,
307,86,131,_10_1371_journal_pone_0089381.txt,1,1,1,1,of ,a ,central ,target ,when ,a ,concurrent ,peripheral ,task ,was ,added (,UFOV ,divided ,and ,selective ,attention ,subtests). ,Participants ,drove ,in ,
102,4,113,_10_1371_journal_pone_0057255.txt,1,1,1,1,was ,diagnosed ,in 28.52% ,of ,all ,"subjects, ",whereas ,periventricular ,leukoaraiosis ,was ,diagnosed ,in 9.57% ,of ,all ,subjects. ,Adjusted ,odds ,ratios ,for ,involvement ,
277,60,164,_10_1371_journal_pone_0078586.txt,1,1,1,1,mitigating ,a ,possible ,toxic ,effect. ,"Moreover, ",adequate ,physical ,properties ,are ,maintained. ,The ,nanosized ,quaternary ,amine ,particles ,interact ,within ,minutes ,with ,
339,9,281,_10_1371_journal_pone_0058978.txt,1,1,1,1,use ,of ,warm-,water ,springs ,as ,power ,plant ,outfalls ,are ,shut ,"down.
      
",Objective: ,To ,determine ,whether ,advocacy ,targeted ,at ,local ,
5,33,104,_10_1371_journal_pone_0068326.txt,1,1,1,1,on ,the ,road ,"surface, ",or ,several ,reference ,"points, ",are ,being ,targeted ,in ,addition ,"to, ",or ,instead ,"of, ",the ,tangent ,point. ,
310,93,23,_10_1371_journal_pone_0091942.txt,1,1,1,1,habitats ,and ,exert ,several ,effects ,on ,mammal ,populations. ,Motorways ,are ,recognized ,as ,a ,major ,cause ,of ,habitat ,fragmentation ,and ,degradation ,
163,33,234,_10_1371_journal_pone_0068326.txt,1,1,1,1,as ,the ,default ,interpretation ,when ,the ,gaze ,position ,distribution ,is ,observed ,to ,be ,situated ,in ,the ,region ,of ,the ,curve ,
95,74,101,_10_1371_journal_pone_0086294.txt,1,1,1,1,endodontically ,treated ,and ,post ,space ,preparations ,and ,post ,placement ,were ,performed ,using ,the ,following ,systems: ,Rebilda ,Post/,Rebilda ,DC/,Futurabond ,
344,35,43,_10_1371_journal_pone_0069254.txt,1,1,1,1,experienced ,and ,integrated (,or ,not) ,into ,daily ,practice ,is ,little ,understood. ,We ,investigated ,how ,the ,Cambridgeshire ,Guided ,"Busway, ","UK, ",was ,
256,65,79,_10_1371_journal_pone_0080598.txt,1,1,1,1,g. ,travel ,distance ,or ,socio-,economic ,status) ,prevalence ,ratios ,were ,calculated ,for ,the ,four ,disease ,symptoms. ,A ,Poisson ,regression ,model ,
137,8,82,_10_1371_journal_pone_0058650.txt,1,1,1,1,Health ,Outcome ,through ,Mentoring ,and ,Assessment (,BHOMA) ,project ,is ,a ,randomised ,step-,wedged ,community ,intervention ,that ,aims ,to ,strengthen ,the ,
153,89,241,_10_1371_journal_pone_0090835.txt,1,1,1,1,with ,increased ,risk ,of ,severe ,injury. ,Further ,prospective ,studies ,are ,"needed, ",with ,detailed ,assessment ,of ,motor ,vehicle ,types ,and ,"speed. 
",
51,52,242,_10_1371_journal_pone_0076108.txt,1,1,1,1,to ,methane ,production. ,The ,majority ,of ,human ,proteins ,detected ,were ,related ,to ,cellular ,processes ,and ,"metabolism, ",as ,well ,as ,immune ,
87,3,38,_10_1371_journal_pone_0055957.txt,1,1,1,1,how ,the ,goals ,and ,needs ,of ,a ,protest ,movement ,are ,reflected ,in ,the ,geographic ,patterns ,of ,its ,communication ,"network, ",and ,
74,31,260,_10_1371_journal_pone_0067575.txt,1,1,1,1,car ,"parking, ",street ,connectivity ,and ,access ,to ,public ,"transport, ",are ,associated ,with ,travel ,mode ,"choice, ",and ,could ,be ,addressed ,as ,
156,11,161,_10_1371_journal_pone_0060590.txt,1,1,1,1,when ,they ,were ,communicating ,and ,denning. ,Female ,pumas ,were ,less ,deterred ,by ,human ,development ,than ,"males, ",but ,they ,showed ,larger ,
115,7,34,_10_1371_journal_pone_0058402.txt,1,1,1,1,"vehicles, ",and ,products). ,"However, ",modeling ,such ,dynamic ,rates ,is ,not ,supported ,in ,modern ,Discrete ,Simulation ,System (,DES) ,software. ,We ,designed ,
322,52,206,_10_1371_journal_pone_0076108.txt,1,1,1,1,several ,other ,proteins ,related ,to ,pathogenicity ,and ,resistance/,survival ,were ,"found, ",including ,proteins ,involved ,with ,"adhesion, ",biofilm ,formation ,and ,antibiotic ,
56,43,109,_10_1371_journal_pone_0072129.txt,1,1,1,1,passengers ,with ,travel-,acquired ,dengue ,infections. ,Two ,risk ,attributes ,are ,evaluated: (,i) ,the ,risk ,posed ,by ,through ,traffic ,at ,each ,
25,71,244,_10_1371_journal_pone_0085470.txt,1,1,1,1,rainforest ,habitat ,as ,an ,offshore ,system ,where ,roads ,are ,not ,"used, ",employ ,industry ,best ,practice ,"guidelines, ",and ,current ,access ,roads ,
325,66,139,_10_1371_journal_pone_0081153.txt,1,1,1,1,of ,the ,day. ,On ,cold ,"days, ",people',s ,activities ,were ,found ,to ,be ,more ,diverse ,especially ,after 10,"AM, ",showing ,greatest ,
148,30,139,_10_1371_journal_pone_0066285.txt,1,1,1,1,application ,period) ,with ,artificial ,marine ,water. ,The ,salinity ,gradient ,was ,included ,in ,the ,design ,by ,achieving ,the ,same ,final ,salinities ,
130,54,212,_10_1371_journal_pone_0077294.txt,1,1,1,1,Limitations ,of ,the ,"study, ",such ,as ,small ,sample ,"size, ",are ,"discussed.
			
",Background: ,Health ,care ,"depends, ",in ,"part, ",on ,the ,ability ,
170,14,96,_10_1371_journal_pone_0062712.txt,1,1,1,1,ARGs ,in ,selected ,samples ,from ,this ,region. 19 ,sampling ,sites ,were ,selected, ,including ,six ,"rivers, ",one ,"dam, ",one ,"canal, ",one ,sewage 
210,54,100,_10_1371_journal_pone_0077294.txt,1,1,1,1,verbalization ,and ,avoidance ,of ,static ,obstacles. ,Eye-,scanning ,behavior ,was ,recorded ,with ,an ,eye-,tracker. ,Results ,showed ,no ,statistically ,significant ,
111,5,181,_10_1371_journal_pone_0057546.txt,1,1,1,1,we ,examine ,how ,citation ,count ,of ,a ,scientific ,publication ,is ,influenced ,by ,different ,centrality ,measures ,of ,its ,co-,author(,s) ,
38,8,216,_10_1371_journal_pone_0058650.txt,1,1,1,1,model ,showed ,that ,children',s ,clinical ,observation ,scores ,were ,negatively ,correlated ,with ,drug ,availability (,"coeff −0.40, ",p = 0.02). ,Adult ,clinical ,observation ,scores ,
150,34,206,_10_1371_journal_pone_0068636.txt,1,1,1,1,law ,enforcement ,focusing ,especially ,on ,car/,booster ,seat ,use ,is ,"needed. 
","
",An ,increase ,in ,public ,transport ,use ,has ,the ,
31,97,65,_10_1371_journal_pone_0093925.txt,1,1,1,1,of ,households ,located ,per ,road (,or ,lane) ,segment. ,LBHCS ,was ,used ,in ,community-,wide ,"biometric, ",mental ,"health, ",diarrheal ,"disease, ",and ,
233,28,105,_10_1371_journal_pone_0065198.txt,1,1,1,1,injuries ,between 2004 ,and 2011 ,was ,analyzed. ,The ,time ,series ,method ,was ,carried ,out ,to ,determine ,the ,death ,trends ,of ,RTIs ,in ,
219,63,42,_10_1371_journal_pone_0080178.txt,1,1,1,1,"segments, ",those ,capable ,of ,causing ,the ,largest ,service ,"interruptions, ",were ,identified. ,In ,both ,URT ,"networks, ",a ,few ,highly ,vulnerable ,segments ,
167,66,158,_10_1371_journal_pone_0081153.txt,1,1,1,1,greatest ,variations ,between 2,PM ,and 6,PM. ,A ,similar ,trend ,is ,observed ,between 10,AM ,and ,midnight ,on ,rainy ,"days, ",with ,people',
140,25,5,_10_1371_journal_pone_0064968.txt,1,1,1,1,indispensable ,for ,ranking ,management ,"scenarios.

","
",Landscape ,simulators ,are ,widely ,applied ,in ,landscape ,ecology ,for ,generating ,landscape ,patterns. ,These ,models ,
281,59,82,_10_1371_journal_pone_0077943.txt,1,1,1,1,the ,sentence ,alone ,or ,in ,groups. ,This ,situation ,is ,often ,encountered ,by ,"humans, ",for ,instance ,at ,train ,stations ,or ,airports. ,
258,72,143,_10_1371_journal_pone_0085557.txt,1,1,1,1,colony. ,Five ,volumetric ,images ,of ,Muricea ,muricata ,specimens ,were ,successfully ,acquired ,by ,X-,ray ,computed ,tomography ,with ,spatial ,resolution ,ranging ,
276,54,65,_10_1371_journal_pone_0077294.txt,1,1,1,1,of ,a ,two-,lane ,highway ,while ,their ,speed ,was ,automatically ,maintained ,at 100 ,km/,h. ,Additional ,tasks ,per ,session ,were: ,Session 1: ,
61,86,88,_10_1371_journal_pone_0089381.txt,1,1,1,1,similar ,normally-,sighted ,drivers ,participated. ,Dynamic ,and ,static ,attention ,were ,evaluated ,with ,"brief, ",computer-,based ,MOT ,and ,UFOV ,"tasks, ",respectively. ,
174,45,158,_10_1371_journal_pone_0073427.txt,1,1,1,1,receivers ,deployed ,throughout ,the ,study ,area. ,Migrating ,steelhead ,smolts ,were ,detected ,at ,the ,Hood ,Canal ,Bridge ,array ,with ,greater ,"frequency, ",
204,74,223,_10_1371_journal_pone_0086294.txt,1,1,1,1,number ,of ,resin ,tags (,p = 0.02, ,ANOVA). ,Bond ,strength ,was ,significantly ,affected ,by ,core ,material (,"p = 0.001), ",location ,inside ,the ,root ,canal (
45,71,66,_10_1371_journal_pone_0085470.txt,1,1,1,1,in ,forest ,canopies ,remains ,unknown. ,For ,this ,"study, ",anurans ,were ,collected ,from ,an ,upper ,canopy ,tank ,bromeliad (,Aechmea ,zebrina) ,at ∼20–45 ,
20,50,36,_10_1371_journal_pone_0075308.txt,1,1,1,1,to ,external ,radiation ,dose. ,A ,geographical ,information ,system (,GIS) ,was ,used ,to ,relate ,the ,predicted ,external ,dose ,in ,the ,affected ,
133,8,39,_10_1371_journal_pone_0058650.txt,1,1,1,1,One ,recent ,method ,is ,the ,balanced ,scorecard ,system. ,There ,is ,limited ,application ,of ,this ,method ,in ,middle- ,and ,low-,income ,
207,78,199,_10_1371_journal_pone_0087470.txt,1,1,1,1,of ,ten ,HP ,and ,four ,out ,of ,ten ,GP ,were ,rated ,as ,fit ,to ,drive ,by ,the ,driving ,"instructor, ",despite ,
265,58,90,_10_1371_journal_pone_0077718.txt,1,1,1,1,network ,along ,the ,identified ,commute ,route. ,T-,test ,comparisons ,are ,conducted ,to ,identify ,statistically ,significant ,differences ,in ,estimated ,network ,measures ,
124,74,185,_10_1371_journal_pone_0086294.txt,1,1,1,1,strengths ,were ,evaluated ,using ,a ,push-,out ,test. ,Data ,were ,analyzed ,using ,repeated ,measurement ,ANOVA ,and ,following ,post-,hoc ,test. ,
73,31,175,_10_1371_journal_pone_0067575.txt,1,1,1,1,Lower ,odds ,of ,walking ,or ,cycling ,rather ,than ,driving ,were ,associated ,with ,a ,less ,frequent ,bus ,service (,highest ,versus ,lowest ,
285,64,199,_10_1371_journal_pone_0080275.txt,1,1,1,1,the ,plants ,grew ,affected ,the ,probability ,that ,their ,seed ,was ,transported ,by ,cars. ,Seeds ,can ,be ,found ,in ,many ,different ,
178,92,5,_10_1371_journal_pone_0091833.txt,1,1,1,1,reduce ,their ,impacts ,on ,"biodiversity.

","
",A ,theoretical ,basis ,is ,required ,for ,comparing ,key ,features ,and ,critical ,elements ,in ,wild ,
217,52,56,_10_1371_journal_pone_0076108.txt,1,1,1,1,also ,evaluated. ,"Finally, ",human ,proteins ,associated ,with ,these ,infections ,were ,identified. ,Samples ,were ,taken ,from ,root ,canals ,of ,teeth ,with ,
121,58,118,_10_1371_journal_pone_0077718.txt,1,1,1,1,of ,these ,estimated ,network ,measures ,on ,travel ,time ,is ,then ,analyzed ,using ,regression ,models. ,The ,results ,from ,the ,t-,test ,
232,88,5,_10_1371_journal_pone_0090235.txt,1,1,1,1,the ,alpine ,and ,subarctic ,"environment.

","
",Exposure ,to ,antibiotics ,is ,considered ,to ,be ,the ,major ,driver ,in ,the ,selection ,of ,
116,85,113,_10_1371_journal_pone_0088914.txt,1,1,1,1,theoretic ,modeling ,approach ,indicated ,land ,cover ,and ,topography ,were ,well-,supported ,variables ,affecting ,land ,"transformation, ",but ,not ,turbine ,size ,or ,
57,52,47,_10_1371_journal_pone_0076108.txt,1,1,1,1,Proteins ,persisting ,or ,expressed ,after ,root ,canal ,treatment ,were ,also ,evaluated. ,"Finally, ",human ,proteins ,associated ,with ,these ,infections ,were ,identified. ,
195,20,230,_10_1371_journal_pone_0064317.txt,1,1,1,1,this ,"model, ",passenger ,flows ,"between 1,491 ",airports ,"on 644,406 ",unique ,routes ,were ,estimated ,in ,the ,prediction ,dataset. ,The ,airport ,node ,characteristics ,and ,
196,50,160,_10_1371_journal_pone_0075308.txt,1,1,1,1,the ,costs ,of ,decontamination ,per ,person ,per ,unit ,area ,are ,estimated ,to ,vary ,greatly. ,Appropriate ,selection ,of ,decontamination ,methods ,may ,
192,41,7,_10_1371_journal_pone_0071476.txt,1,1,1,1,of ,injured ,"elephants. 
","
",Organisms ,living ,in ,urban ,environments ,are ,exposed ,to ,different ,environmental ,conditions ,compared ,to ,their ,rural ,conspecifics. ,
187,63,75,_10_1371_journal_pone_0080178.txt,1,1,1,1,must ,be ,carefully ,evaluated. ,A ,bipartite ,URT ,usage ,network ,was ,developed ,and ,used ,to ,determine ,the ,inherent ,connections ,between ,urban ,
266,65,38,_10_1371_journal_pone_0080598.txt,1,1,1,1,and ,September 2008 ,a ,cross-,sectional ,health ,care ,utilization ,survey ,was ,conducted ,"and 8,715 ",caregivers ,were ,interviewed ,regarding ,their ,intended ,behavior ,in ,
316,17,152,_10_1371_journal_pone_0063503.txt,1,1,1,1,of ,pedestrian ,facilities. ,The ,model ,is ,empirically ,validated ,and ,is ,found ,to ,be ,a ,robust ,tool ,to ,understand ,how ,well ,
245,34,141,_10_1371_journal_pone_0068636.txt,1,1,1,1,vehicle (37%) ,followed ,by ,front ,impact ,collision (32%). 32 (13%) ,of ,vehicle ,occupants ,were ,ejected ,from ,car. 63% ,of ,ejected ,occupants ,and 70% ,of ,motorcyclists ,sustained ,
166,63,53,_10_1371_journal_pone_0080178.txt,1,1,1,1,In ,both ,URT ,"networks, ",a ,few ,highly ,vulnerable ,segments ,were ,observed. ,For ,this ,small ,group ,of ,vital ,"segments, ",the ,impact ,
237,30,119,_10_1371_journal_pone_0066285.txt,1,1,1,1,CWd) ,and ,salinity ,controls (,SC: ,without ,canal ,water). ,CWd ,were ,prepared ,by ,diluting ,the ,water ,effluent (,sampled ,during ,the ,pesticide ,
225,27,6,_10_1371_journal_pone_0065137.txt,1,1,1,1,incorrect ,expectations ,regarding ,"others.

","
",Contrary ,to ,what ,is ,often ,"assumed, ",order ,is ,not ,the ,strongest ,context ,for ,encouraging ,normative ,
24,66,22,_10_1371_journal_pone_0081153.txt,1,1,1,1,s ,everyday ,activity ,patterns. ,"Temperature, ","rainfall, ",and ,wind ,speed ,were ,used ,as ,weather ,parameters. ,People',s ,daily ,activity ,patterns ,were ,
332,12,34,_10_1371_journal_pone_0061460.txt,1,1,1,1,positive ,and ,negative ,effects ,on ,city ,"performance, ",yet ,little ,is ,known ,about ,how ,its ,character ,and ,magnitude ,vary ,across ,the ,
